startYear,genres,averageRating,numVotes,count
1915.0,Drama,6.2,24423.0,1
1915.0,History,6.2,24423.0,1
1915.0,War,6.2,24423.0,1
1916.0,Drama,7.7,15342.0,1
1916.0,History,7.7,15342.0,1
1919.0,Drama,7.3,10228.0,1
1919.0,Romance,7.3,10228.0,1
1920.0,Horror,8.0,62474.0,1
1920.0,Mystery,8.0,62474.0,1
1920.0,Thriller,8.0,62474.0,1
1921.0,Comedy,8.3,124318.0,1
1921.0,Drama,8.15,68284.5,2
1921.0,Family,8.3,124318.0,1
1921.0,Fantasy,8.0,12251.0,1
1921.0,Horror,8.0,12251.0,1
1922.0,Documentary,7.6,13054.0,2
1922.0,Fantasy,7.75,54662.5,2
1922.0,History,7.6,14103.0,1
1922.0,Horror,7.9,95222.0,1
1923.0,Action,8.1,20383.0,1
1923.0,Comedy,7.95,15765.0,2
1923.0,Romance,7.8,11147.0,1
1923.0,Thriller,7.95,15765.0,2
1924.0,Action,8.2,48397.0,1
1924.0,Comedy,8.2,48397.0,1
1924.0,Drama,8.0,13857.0,1
1924.0,Romance,8.2,48397.0,1
1925.0,Adventure,8.2,109588.0,1
1925.0,Comedy,8.0,59885.5,2
1925.0,Drama,8.1,83285.5,2
1925.0,History,8.0,56983.0,1
1925.0,Horror,7.5,18186.0,1
1925.0,Romance,7.8,10183.0,1
1925.0,Thriller,8.0,56983.0,1
1926.0,Action,8.2,89723.0,1
1926.0,Adventure,8.2,89723.0,1
1926.0,Comedy,8.2,89723.0,1
1926.0,Drama,8.1,15085.0,1
1926.0,Fantasy,8.1,15085.0,1
1926.0,Horror,8.1,15085.0,1
1927.0,Action,7.6,12771.0,1
1927.0,Crime,7.3,11721.0,1
1927.0,Drama,7.83,61595.5,4
1927.0,Mystery,7.3,11721.0,1
1927.0,Romance,7.85,31677.0,2
1927.0,Sci-Fi,8.3,171307.0,1
1928.0,Action,7.8,14495.0,1
1928.0,Biography,8.2,53437.0,1
1928.0,Comedy,7.97,19806.0,3
1928.0,Drama,8.0,26521.33,3
1928.0,Family,8.05,22461.5,2
1928.0,History,8.2,53437.0,1
1928.0,Romance,8.1,33291.0,1
1929.0,Crime,7.35,10635.5,2
1929.0,Documentary,8.4,24590.0,1
1929.0,Drama,7.8,10664.0,1
1929.0,Music,8.4,24590.0,1
1929.0,Romance,7.8,10664.0,1
1929.0,Thriller,6.9,10607.0,1
1930.0,Comedy,7.3,14098.0,2
1930.0,Drama,7.67,29828.33,3
1930.0,Family,7.4,14417.0,1
1930.0,Music,7.7,14933.0,1
1930.0,Musical,7.4,14417.0,1
1930.0,War,8.1,60773.0,1
1931.0,Action,7.2,13195.0,1
1931.0,Comedy,7.95,97404.5,2
1931.0,Crime,7.7,63022.33,3
1931.0,Drama,7.7,67528.6,5
1931.0,Family,7.4,13505.0,1
1931.0,Fantasy,7.4,51299.0,1
1931.0,Horror,7.6,45330.33,3
1931.0,Musical,7.4,13505.0,1
1931.0,Mystery,8.3,155025.0,1
1931.0,Romance,8.5,181304.0,1
1931.0,Sci-Fi,7.7,42346.0,2
1931.0,Thriller,8.3,155025.0,1
1932.0,Action,7.4,19900.5,2
1932.0,Adventure,7.1,12195.0,1
1932.0,Comedy,7.5,12664.67,3
1932.0,Crime,7.97,18408.0,3
1932.0,Drama,7.78,26383.75,4
1932.0,Family,7.5,12642.0,1
1932.0,Fantasy,7.2,22037.0,2
1932.0,Film-Noir,8.2,13111.0,1
1932.0,Horror,7.12,20536.67,6
1932.0,Musical,7.5,12642.0,1
1932.0,Romance,7.65,16811.0,2
1932.0,Thriller,7.0,10845.0,1
1933.0,Adventure,7.9,84393.0,1
1933.0,Comedy,7.55,35726.0,2
1933.0,Crime,7.9,12452.0,1
1933.0,Drama,7.3,11787.0,1
1933.0,Horror,7.75,59359.0,2
1933.0,Musical,7.55,35726.0,2
1933.0,Mystery,7.9,12452.0,1
1933.0,Sci-Fi,7.75,59359.0,2
1933.0,Thriller,7.9,12452.0,1
1934.0,Adventure,6.9,11130.0,1
1934.0,Comedy,7.93,49001.67,3
1934.0,Crime,6.85,14992.0,2
1934.0,Drama,7.8,15725.0,1
1934.0,Horror,6.9,11130.0,1
1934.0,Mystery,7.35,24028.0,2
1934.0,Romance,7.95,58901.5,2
1934.0,Thriller,6.8,18854.0,1
1935.0,Action,7.7,14249.0,1
1935.0,Adventure,7.7,18488.5,2
1935.0,Biography,7.7,22728.0,1
1935.0,Comedy,7.75,25802.5,2
1935.0,Crime,7.6,56246.0,1
1935.0,Documentary,7.2,17202.0,1
1935.0,Drama,7.75,35076.0,2
1935.0,History,7.45,15725.5,2
1935.0,Horror,7.8,47424.0,1
1935.0,Music,7.8,32627.0,1
1935.0,Musical,7.75,25802.5,2
1935.0,Mystery,7.6,56246.0,1
1935.0,Romance,7.7,18978.0,1
1935.0,Sci-Fi,7.8,47424.0,1
1935.0,Thriller,7.6,56246.0,1
1936.0,Comedy,7.88,61180.0,5
1936.0,Crime,7.5,13288.33,3
1936.0,Drama,7.94,61555.2,5
1936.0,Film-Noir,7.9,12423.0,1
1936.0,Musical,7.5,13477.0,1
1936.0,Mystery,7.6,10745.0,1
1936.0,Romance,7.95,73788.75,4
1936.0,Thriller,7.25,15186.0,2
1937.0,Adventure,7.6,104101.5,2
1937.0,Animation,7.6,195095.0,1
1937.0,Comedy,7.6,16577.0,2
1937.0,Drama,7.85,24661.0,2
1937.0,Family,7.55,104426.0,2
1937.0,Fantasy,7.6,13108.0,1
1937.0,Musical,7.5,13757.0,1
1937.0,Romance,7.7,19397.0,1
1937.0,War,8.1,36214.0,1
1938.0,Action,7.7,30916.0,2
1938.0,Adventure,7.9,50565.0,1
1938.0,Biography,7.5,11267.0,1
1938.0,Comedy,7.77,34114.0,3
1938.0,Crime,7.9,21363.0,1
1938.0,Drama,7.65,17888.0,4
1938.0,Film-Noir,7.9,21363.0,1
1938.0,Mystery,7.8,51829.0,1
1938.0,Romance,7.7,26404.5,4
1938.0,Thriller,7.8,51829.0,1
1939.0,Adventure,7.4,94619.2,5
1939.0,Comedy,7.72,33432.33,6
1939.0,Crime,7.1,11956.0,2
1939.0,Drama,7.75,50272.75,12
1939.0,Family,8.1,389152.0,1
1939.0,Fantasy,8.1,389152.0,1
1939.0,Film-Noir,7.9,13868.0,1
1939.0,History,8.2,309747.0,1
1939.0,Horror,7.25,10303.5,2
1939.0,Mystery,7.4,10409.0,1
1939.0,Romance,7.76,56486.86,7
1939.0,Sci-Fi,7.1,10198.0,1
1939.0,Thriller,7.4,10409.0,1
1939.0,War,7.2,11877.0,1
1939.0,Western,7.7,29739.0,2
1940.0,Action,7.5,15389.0,2
1940.0,Adventure,7.47,54990.67,3
1940.0,Animation,7.6,118142.0,2
1940.0,Comedy,7.83,88414.5,6
1940.0,Crime,7.6,12977.0,1
1940.0,Drama,8.02,91563.5,6
1940.0,Family,7.53,39260.0,3
1940.0,Fantasy,7.55,53838.0,2
1940.0,Film-Noir,7.85,73942.5,2
1940.0,Mystery,8.1,134908.0,1
1940.0,Romance,7.72,37927.0,5
1940.0,Thriller,7.5,20674.0,1
1940.0,War,8.4,219788.0,1
1941.0,Action,7.5,16842.0,1
1941.0,Adventure,7.53,57426.33,3
1941.0,Animation,7.2,129392.0,1
1941.0,Biography,7.7,18124.0,1
1941.0,Comedy,7.44,16674.8,5
1941.0,Crime,8.0,156567.0,1
1941.0,Drama,7.72,84143.88,8
1941.0,Family,7.7,23871.0,1
1941.0,Film-Noir,7.65,97181.5,2
1941.0,History,7.7,18124.0,1
1941.0,Horror,7.2,26598.0,1
1941.0,Mystery,7.7,163659.25,4
1941.0,Romance,7.4,15949.83,6
1941.0,Thriller,7.3,37796.0,1
1942.0,Adventure,7.3,140234.0,1
1942.0,Animation,7.3,140234.0,1
1942.0,Biography,7.6,13124.5,2
1942.0,Comedy,7.58,18257.0,4
1942.0,Drama,7.67,83244.8,10
1942.0,Family,7.6,15390.0,1
1942.0,Fantasy,7.2,22357.0,1
1942.0,Horror,7.2,22357.0,1
1942.0,Music,7.4,15253.0,1
1942.0,Romance,7.76,85778.25,8
1942.0,Thriller,7.15,23930.5,2
1942.0,War,7.85,159405.0,4
1942.0,Western,8.0,23019.0,1
1943.0,Comedy,7.65,40526.0,2
1943.0,Crime,7.9,70005.0,1
1943.0,Drama,7.68,11997.75,4
1943.0,Fantasy,7.25,11625.5,2
1943.0,Film-Noir,7.8,64521.0,1
1943.0,History,8.1,10098.0,1
1943.0,Horror,7.1,12204.0,1
1943.0,Romance,8.1,14642.0,1
1943.0,Thriller,7.85,67263.0,2
1943.0,War,8.1,14642.0,1
1944.0,Adventure,7.8,34161.0,1
1944.0,Animation,6.3,13878.0,1
1944.0,Comedy,7.15,20985.25,4
1944.0,Crime,7.8,52867.0,4
1944.0,Drama,7.65,40355.75,8
1944.0,Family,6.9,18942.0,2
1944.0,Fantasy,7.2,11016.0,1
1944.0,Film-Noir,7.82,52832.4,5
1944.0,Horror,7.2,11016.0,1
1944.0,Music,7.0,11896.0,1
1944.0,Mystery,7.63,28646.33,3
1944.0,War,7.6,28748.0,1
1945.0,Crime,7.57,19176.0,3
1945.0,Drama,7.76,21255.55,11
1945.0,Fantasy,7.5,13039.0,1
1945.0,Film-Noir,7.68,26016.5,6
1945.0,Horror,7.55,12763.5,2
1945.0,Mystery,7.45,31403.5,2
1945.0,Romance,7.85,29928.25,4
1945.0,Thriller,7.9,21256.5,2
1945.0,War,8.0,26122.0,1
1946.0,Adventure,7.8,24190.0,1
1946.0,Animation,7.0,13724.0,1
1946.0,Comedy,7.0,13724.0,1
1946.0,Crime,7.6,38071.5,4
1946.0,Drama,7.83,72911.73,11
1946.0,Family,7.8,228907.5,2
1946.0,Fantasy,8.17,164000.0,3
1946.0,Film-Noir,7.65,47318.0,6
1946.0,Mystery,7.85,54320.5,2
1946.0,Romance,7.87,44318.83,6
1946.0,War,8.1,62983.0,1
1946.0,Western,7.7,23399.0,1
1947.0,Comedy,7.78,25274.75,4
1947.0,Crime,7.52,19203.17,6
1947.0,Drama,7.59,20955.67,12
1947.0,Family,7.9,47342.0,1
1947.0,Fantasy,7.7,18218.0,2
1947.0,Film-Noir,7.66,21564.0,5
1947.0,Romance,6.85,13731.5,2
1947.0,Thriller,7.6,14735.0,2
1948.0,Action,7.7,40274.0,1
1948.0,Adventure,8.2,122930.0,1
1948.0,Comedy,7.25,14420.5,2
1948.0,Crime,7.72,51569.5,4
1948.0,Drama,7.82,47667.92,13
1948.0,Family,7.3,17410.0,1
1948.0,Fantasy,7.3,17410.0,1
1948.0,Film-Noir,7.45,12347.0,2
1948.0,Music,8.1,34346.0,1
1948.0,Mystery,7.6,75920.0,2
1948.0,Romance,7.72,17461.25,4
1948.0,War,7.8,12194.0,1
1948.0,Western,7.8,57253.67,3
1949.0,Action,7.55,21392.5,2
1949.0,Animation,6.9,15389.0,1
1949.0,Comedy,7.42,22706.0,4
1949.0,Crime,7.97,28763.0,3
1949.0,Drama,7.61,15932.33,9
1949.0,Family,6.9,15389.0,1
1949.0,Film-Noir,7.62,53207.0,4
1949.0,Musical,7.3,17368.0,1
1949.0,Mystery,7.65,90524.0,2
1949.0,Romance,7.38,14929.8,5
1949.0,Thriller,8.1,169236.0,1
1949.0,War,7.7,14541.0,1
1949.0,Western,7.2,17500.0,1
1950.0,Action,7.6,19640.0,1
1950.0,Animation,7.3,156891.0,1
1950.0,Comedy,7.5,25878.0,3
1950.0,Crime,7.96,47730.4,5
1950.0,Drama,7.94,63709.18,11
1950.0,Family,7.3,156891.0,1
1950.0,Fantasy,7.7,74755.33,3
1950.0,Film-Noir,7.77,52617.33,6
1950.0,Mystery,7.75,55973.0,4
1950.0,Romance,7.38,12626.25,4
1950.0,Thriller,7.0,14123.0,1
1950.0,Western,7.43,15530.33,3
1951.0,Adventure,7.55,108239.5,2
1951.0,Animation,7.4,138721.0,1
1951.0,Biography,7.1,15014.0,1
1951.0,Comedy,7.45,76476.0,2
1951.0,Crime,7.7,73156.0,2
1951.0,Drama,7.73,53740.0,10
1951.0,Family,8.1,22684.0,1
1951.0,Fantasy,8.1,22684.0,1
1951.0,Film-Noir,8.0,83690.5,2
1951.0,History,7.1,15014.0,1
1951.0,Horror,7.1,29584.0,1
1951.0,Musical,7.2,33374.0,1
1951.0,Romance,7.53,44486.67,3
1951.0,Sci-Fi,7.45,55303.0,2
1952.0,Biography,7.3,11310.0,1
1952.0,Comedy,7.72,75258.75,4
1952.0,Drama,7.77,35105.11,9
1952.0,Family,6.6,14427.0,1
1952.0,History,7.3,11310.0,1
1952.0,Music,8.0,20063.0,1
1952.0,Musical,8.3,236617.0,1
1952.0,Romance,7.68,64818.0,5
1952.0,Sci-Fi,6.9,14109.0,1
1952.0,Thriller,8.0,103017.0,1
1952.0,War,8.0,12098.0,1
1952.0,Western,8.0,103017.0,1
1953.0,Action,7.0,35178.0,1
1953.0,Adventure,7.75,98349.5,2
1953.0,Animation,7.3,136745.0,1
1953.0,Comedy,7.5,42598.43,7
1953.0,Crime,7.38,19454.75,4
1953.0,Drama,7.34,27013.88,16
1953.0,Family,7.3,136745.0,1
1953.0,Fantasy,8.2,23115.0,1
1953.0,Film-Noir,7.5,19336.0,3
1953.0,History,7.2,11472.0,1
1953.0,Horror,7.0,17939.0,1
1953.0,Musical,7.25,23840.5,2
1953.0,Romance,7.31,34273.22,9
1953.0,Sci-Fi,7.0,35178.0,1
1953.0,Thriller,7.14,26040.29,7
1953.0,War,7.24,29467.4,5
1953.0,Western,7.45,25666.5,2
1954.0,Action,7.6,174998.0,2
1954.0,Adventure,6.93,18309.67,3
1954.0,Animation,7.2,17044.0,1
1954.0,Comedy,7.47,43705.67,3
1954.0,Crime,7.73,111930.33,3
1954.0,Drama,7.57,57471.14,14
1954.0,Family,7.2,33318.0,1
1954.0,Horror,7.2,28252.67,3
1954.0,Musical,7.43,28312.0,3
1954.0,Mystery,7.7,245472.0,2
1954.0,Romance,7.48,33648.25,4
1954.0,Sci-Fi,7.2,28252.67,3
1954.0,Thriller,8.27,268171.0,3
1954.0,War,7.7,27343.0,1
1954.0,Western,7.3,13835.0,2
1955.0,Adventure,7.55,72776.0,2
1955.0,Animation,7.3,132796.0,1
1955.0,Comedy,7.36,34559.67,9
1955.0,Crime,7.56,34429.56,9
1955.0,Drama,7.68,33513.4,15
1955.0,Family,7.8,12756.0,1
1955.0,Film-Noir,7.37,43921.33,3
1955.0,History,7.4,10365.0,1
1955.0,Horror,8.1,65192.0,1
1955.0,Musical,7.05,15091.0,2
1955.0,Mystery,7.4,37830.0,4
1955.0,Romance,7.47,28887.5,6
1955.0,Thriller,7.75,52748.5,2
1955.0,War,7.5,13515.0,2
1955.0,Western,7.3,10800.0,1
1956.0,Adventure,7.46,50674.0,5
1956.0,Biography,7.35,18758.5,2
1956.0,Comedy,6.67,18145.0,3
1956.0,Crime,7.8,50214.0,2
1956.0,Drama,7.58,35455.62,16
1956.0,Family,7.3,48613.0,2
1956.0,Film-Noir,7.7,58303.0,2
1956.0,Horror,7.55,31555.0,2
1956.0,Musical,7.15,20789.5,2
1956.0,Romance,6.65,13630.5,2
1956.0,Sci-Fi,7.6,48673.0,2
1956.0,Thriller,7.68,27864.75,4
1956.0,War,8.3,21547.0,1
1956.0,Western,7.75,63022.0,2
1957.0,Action,7.4,10996.0,1
1957.0,Adventure,7.63,80410.67,3
1957.0,Biography,7.2,15564.0,1
1957.0,Comedy,7.05,22622.0,2
1957.0,Crime,8.17,299760.33,3
1957.0,Drama,7.94,108790.24,17
1957.0,Family,7.3,13402.0,1
1957.0,Fantasy,7.75,97523.0,2
1957.0,Film-Noir,8.0,31361.0,1
1957.0,History,8.1,51362.0,1
1957.0,Horror,6.48,20132.0,4
1957.0,Music,8.2,15542.0,1
1957.0,Musical,7.0,29817.0,1
1957.0,Mystery,7.9,67682.5,2
1957.0,Romance,7.7,45652.25,4
1957.0,Sci-Fi,6.17,22332.0,3
1957.0,Thriller,7.3,15266.5,2
1957.0,War,8.3,142330.33,3
1957.0,Western,7.4,17555.0,2
1958.0,Action,7.38,19363.5,4
1958.0,Adventure,7.4,21973.0,3
1958.0,Comedy,7.4,15502.2,5
1958.0,Crime,7.85,38542.5,4
1958.0,Drama,7.65,26978.92,13
1958.0,Family,7.1,13218.0,1
1958.0,Fantasy,6.8,11129.0,1
1958.0,Film-Noir,8.0,103380.0,1
1958.0,History,7.45,14744.5,2
1958.0,Horror,6.9,24443.67,3
1958.0,Music,7.2,11400.0,1
1958.0,Musical,6.7,22643.0,1
1958.0,Mystery,8.3,393846.0,1
1958.0,Romance,7.51,68588.86,7
1958.0,Sci-Fi,6.7,24389.5,2
1958.0,Thriller,8.1,209388.0,2
1958.0,War,7.55,11716.0,2
1958.0,Western,7.9,17852.0,1
1959.0,Adventure,7.54,146010.2,5
1959.0,Animation,7.2,145978.0,1
1959.0,Biography,7.4,12704.0,1
1959.0,Comedy,7.6,97750.33,3
1959.0,Crime,7.5,54692.67,3
1959.0,Drama,7.78,44062.08,13
1959.0,Family,7.2,58676.33,3
1959.0,Fantasy,7.2,14219.5,2
1959.0,History,8.1,235204.0,1
1959.0,Horror,6.85,18840.0,2
1959.0,Music,7.8,136452.0,2
1959.0,Mystery,7.5,87923.4,5
1959.0,Romance,7.59,51186.0,7
1959.0,Sci-Fi,7.1,12928.0,1
1959.0,Thriller,7.9,168279.0,2
1959.0,War,7.5,11646.33,3
1959.0,Western,8.0,61373.0,1
1960.0,Action,7.7,93698.0,1
1960.0,Adventure,7.4,59861.4,5
1960.0,Biography,8.0,81445.0,2
1960.0,Comedy,7.28,60183.0,5
1960.0,Crime,7.71,26698.71,7
1960.0,Drama,7.76,40116.79,19
1960.0,Family,7.25,13134.0,2
1960.0,History,7.45,22814.5,2
1960.0,Horror,7.31,111580.71,7
1960.0,Music,6.5,22980.0,1
1960.0,Mystery,8.15,340670.5,2
1960.0,Romance,7.87,82640.33,3
1960.0,Sci-Fi,7.4,28758.0,2
1960.0,Sport,8.2,18741.0,1
1960.0,Thriller,7.95,125376.5,6
1960.0,War,7.8,10865.0,1
1960.0,Western,7.7,93698.0,1
1961.0,Action,7.85,85370.0,2
1961.0,Adventure,7.4,107341.5,2
1961.0,Animation,7.3,164588.0,1
1961.0,Biography,7.2,14257.0,1
1961.0,Comedy,7.57,68993.83,6
1961.0,Crime,7.6,112326.0,1
1961.0,Drama,7.69,46497.33,18
1961.0,Family,7.2,21259.0,1
1961.0,History,7.2,14257.0,1
1961.0,Horror,5.53,18565.67,3
1961.0,Musical,7.6,112326.0,1
1961.0,Mystery,7.35,18336.5,2
1961.0,Romance,7.56,40842.0,7
1961.0,Sci-Fi,1.8,11524.0,1
1961.0,Sport,8.0,80986.0,1
1961.0,Thriller,8.2,120645.0,1
1961.0,War,8.3,76133.0,1
1961.0,Western,7.15,15935.5,2
1962.0,Action,7.72,64548.2,5
1962.0,Adventure,7.45,119986.75,4
1962.0,Biography,8.07,107910.0,3
1962.0,Comedy,7.75,15607.75,4
1962.0,Crime,7.82,109778.75,4
1962.0,Drama,7.87,57999.67,24
1962.0,Family,7.8,17305.0,1
1962.0,Fantasy,8.0,32728.0,1
1962.0,History,7.45,35649.0,2
1962.0,Horror,7.55,39481.5,2
1962.0,Music,7.9,21402.0,1
1962.0,Musical,7.8,17305.0,1
1962.0,Mystery,7.77,32982.0,3
1962.0,Romance,7.67,53354.67,3
1962.0,Thriller,7.69,51650.38,8
1962.0,War,8.0,35822.0,1
1962.0,Western,7.5,36232.67,3
1963.0,Action,6.98,52715.0,4
1963.0,Adventure,7.06,72435.5,8
1963.0,Animation,7.1,96352.0,1
1963.0,Biography,7.0,32667.0,1
1963.0,Comedy,7.05,40854.88,8
1963.0,Crime,7.75,47206.0,2
1963.0,Drama,7.72,56716.5,14
1963.0,Family,7.3,27548.0,1
1963.0,Fantasy,6.1,11015.0,2
1963.0,History,7.4,77891.0,4
1963.0,Horror,7.15,61875.5,4
1963.0,Mystery,7.83,78802.25,4
1963.0,Romance,7.28,39199.8,5
1963.0,Sci-Fi,6.6,18022.0,1
1963.0,Thriller,7.15,75322.0,2
1963.0,Western,7.45,18150.0,2
1964.0,Action,7.8,199885.0,2
1964.0,Adventure,6.12,54954.25,4
1964.0,Biography,7.75,13324.0,2
1964.0,Comedy,7.03,81355.9,10
1964.0,Crime,7.24,22071.4,5
1964.0,Drama,7.65,34906.84,19
1964.0,Family,6.07,91603.33,3
1964.0,Fantasy,7.85,93173.0,2
1964.0,History,7.73,21802.0,3
1964.0,Horror,7.32,16064.8,5
1964.0,Musical,7.73,55267.67,3
1964.0,Mystery,7.28,25477.75,4
1964.0,Romance,7.55,18984.5,2
1964.0,Sci-Fi,6.7,19320.0,1
1964.0,Thriller,7.83,41346.14,7
1964.0,War,7.97,178147.33,3
1964.0,Western,7.9,213001.0,1
1965.0,Action,6.95,40611.75,4
1965.0,Adventure,7.16,37529.6,5
1965.0,Biography,7.3,118075.5,2
1965.0,Comedy,7.11,14853.14,7
1965.0,Crime,8.0,23031.0,2
1965.0,Drama,7.56,37475.33,15
1965.0,Family,8.1,225771.0,1
1965.0,Fantasy,7.5,13527.0,1
1965.0,History,6.65,13345.5,2
1965.0,Horror,4.65,31996.5,2
1965.0,Musical,7.1,19764.0,1
1965.0,Mystery,7.0,24899.0,1
1965.0,Romance,7.4,41093.0,3
1965.0,Sci-Fi,4.35,18168.5,2
1965.0,Thriller,7.36,42374.0,5
1965.0,War,7.43,29904.0,4
1965.0,Western,7.37,94389.67,3
1966.0,Action,7.22,21784.25,4
1966.0,Adventure,7.48,140175.0,6
1966.0,Biography,7.85,43522.0,2
1966.0,Comedy,7.26,17965.25,8
1966.0,Crime,7.35,19479.5,2
1966.0,Drama,7.54,34222.61,18
1966.0,Family,6.8,18693.0,1
1966.0,History,7.85,43522.0,2
1966.0,Horror,1.6,36162.0,1
1966.0,Mystery,7.5,61022.0,1
1966.0,Romance,7.39,18427.12,8
1966.0,Sci-Fi,7.2,27140.67,3
1966.0,Thriller,7.33,41233.83,6
1966.0,War,8.0,38322.5,2
1966.0,Western,7.7,202882.5,4
1967.0,Action,7.2,75280.25,4
1967.0,Adventure,7.35,65765.67,6
1967.0,Animation,7.1,94510.0,2
1967.0,Biography,7.8,68743.0,2
1967.0,Comedy,7.36,54638.62,13
1967.0,Crime,7.8,76607.0,5
1967.0,Drama,7.76,50435.12,16
1967.0,Horror,7.05,20838.0,2
1967.0,Music,7.5,55387.0,1
1967.0,Musical,7.7,10055.0,1
1967.0,Mystery,7.45,42619.0,2
1967.0,Romance,7.52,86222.75,4
1967.0,Sci-Fi,7.0,10224.0,1
1967.0,Thriller,7.42,58358.5,4
1967.0,War,7.7,71898.0,1
1967.0,Western,7.4,12358.0,1
1968.0,Action,7.13,47436.0,3
1968.0,Adventure,7.22,126799.0,8
1968.0,Animation,7.3,19499.5,2
1968.0,Biography,7.6,26835.5,2
1968.0,Comedy,7.02,24169.44,9
1968.0,Crime,7.02,33315.25,4
1968.0,Drama,7.32,32960.81,16
1968.0,Family,6.93,33098.67,3
1968.0,Fantasy,6.35,40029.5,2
1968.0,History,7.3,20915.0,2
1968.0,Horror,7.52,91795.75,4
1968.0,Musical,7.4,37922.0,1
1968.0,Mystery,7.0,13499.0,1
1968.0,Romance,7.37,23282.67,3
1968.0,Sci-Fi,8.15,413825.0,2
1968.0,Sport,6.5,15869.0,1
1968.0,Thriller,7.27,67949.0,3
1968.0,War,6.6,35170.5,2
1968.0,Western,7.73,125701.33,3
1969.0,Action,7.2,60371.5,4
1969.0,Adventure,7.45,59751.83,6
1969.0,Biography,7.8,111856.0,2
1969.0,Comedy,7.35,19184.5,8
1969.0,Crime,7.78,66231.2,5
1969.0,Drama,7.46,47301.36,14
1969.0,Family,7.9,20609.0,1
1969.0,Fantasy,6.8,16010.0,1
1969.0,History,7.1,16355.67,3
1969.0,Musical,6.8,14386.5,2
1969.0,Romance,7.5,11714.5,2
1969.0,Thriller,7.07,45354.0,3
1969.0,War,8.1,23209.0,1
1969.0,Western,7.6,47234.33,3
1970.0,Action,6.82,27400.5,4
1970.0,Adventure,6.51,41431.57,7
1970.0,Animation,7.1,102006.0,1
1970.0,Biography,7.55,55586.0,2
1970.0,Comedy,6.73,38495.11,9
1970.0,Crime,7.42,14603.5,4
1970.0,Documentary,7.95,14489.5,2
1970.0,Drama,7.31,27993.47,19
1970.0,Family,7.5,10857.0,1
1970.0,Fantasy,5.4,14550.5,2
1970.0,History,7.8,25562.5,2
1970.0,Horror,7.1,20684.0,1
1970.0,Music,7.33,13348.0,3
1970.0,Mystery,7.1,20684.0,1
1970.0,Romance,7.13,24021.33,3
1970.0,Sci-Fi,6.0,46384.0,1
1970.0,Thriller,7.35,19135.0,4
1970.0,War,7.28,47776.67,6
1970.0,Western,7.1,21022.0,3
1971.0,Action,6.95,56179.0,10
1971.0,Adventure,6.98,44286.5,4
1971.0,Animation,7.0,37045.0,1
1971.0,Biography,7.8,15855.0,1
1971.0,Comedy,7.39,29018.25,8
1971.0,Crime,7.47,128596.2,10
1971.0,Drama,7.42,30967.72,25
1971.0,Family,7.9,119579.0,2
1971.0,Fantasy,7.8,196103.0,1
1971.0,History,7.43,13475.0,3
1971.0,Horror,6.73,12369.33,3
1971.0,Musical,7.97,90876.33,3
1971.0,Mystery,6.85,21115.5,4
1971.0,Romance,7.77,48282.33,3
1971.0,Sci-Fi,6.98,192471.4,5
1971.0,Thriller,7.05,42196.14,14
1971.0,War,7.53,22781.0,3
1971.0,Western,7.37,21832.5,4
1972.0,Action,7.1,35072.71,7
1972.0,Adventure,7.33,42923.86,7
1972.0,Animation,6.2,12621.0,1
1972.0,Biography,7.9,56354.0,1
1972.0,Comedy,7.04,22951.82,11
1972.0,Crime,7.06,376644.8,5
1972.0,Drama,7.34,145201.44,16
1972.0,Horror,6.55,19125.25,4
1972.0,Music,7.7,53953.0,1
1972.0,Musical,7.7,53953.0,1
1972.0,Mystery,7.45,41468.75,4
1972.0,Romance,7.22,29958.5,4
1972.0,Sci-Fi,6.8,34894.6,5
1972.0,Thriller,7.16,42756.14,7
1972.0,Western,7.1,21298.0,3
1973.0,Action,6.91,48557.3,10
1973.0,Adventure,7.37,48589.57,7
1973.0,Animation,7.37,58418.0,3
1973.0,Biography,7.63,89610.33,3
1973.0,Comedy,7.6,54341.0,14
1973.0,Crime,7.56,81040.92,13
1973.0,Documentary,7.7,16647.0,1
1973.0,Drama,7.51,51270.11,28
1973.0,Fantasy,7.8,30105.0,2
1973.0,History,7.3,27011.0,1
1973.0,Horror,7.12,93678.5,6
1973.0,Musical,7.3,27011.0,1
1973.0,Mystery,7.28,62599.4,5
1973.0,Romance,7.37,19425.33,3
1973.0,Sci-Fi,6.91,36274.43,7
1973.0,Thriller,7.21,59304.14,7
1973.0,Western,7.33,33508.67,3
1974.0,Action,6.78,31640.67,9
1974.0,Adventure,6.92,36860.0,4
1974.0,Biography,7.65,16756.5,2
1974.0,Comedy,7.4,43121.4,10
1974.0,Crime,7.38,146020.6,10
1974.0,Drama,7.18,85269.96,25
1974.0,Fantasy,6.55,20719.0,2
1974.0,History,7.3,14067.5,2
1974.0,Horror,7.25,98123.5,2
1974.0,Mystery,7.6,132525.5,4
1974.0,Romance,7.05,19639.0,6
1974.0,Sci-Fi,6.0,23318.0,2
1974.0,Thriller,6.96,64715.45,11
1974.0,Western,7.7,136400.0,1
1975.0,Action,6.98,26052.67,6
1975.0,Adventure,7.7,178728.0,8
1975.0,Animation,8.4,13256.0,1
1975.0,Biography,8.07,108575.0,3
1975.0,Comedy,7.59,73991.46,13
1975.0,Crime,7.21,51026.38,8
1975.0,Documentary,7.6,13568.0,1
1975.0,Drama,7.49,90023.9,20
1975.0,Family,7.35,11756.0,2
1975.0,Fantasy,7.25,270476.5,2
1975.0,History,7.8,48359.0,1
1975.0,Horror,6.8,56415.4,5
1975.0,Music,7.7,25986.0,1
1975.0,Musical,7.0,84123.5,2
1975.0,Mystery,7.22,31371.0,6
1975.0,Romance,8.3,12454.0,1
1975.0,Sci-Fi,6.5,21648.8,5
1975.0,Sport,6.9,17579.0,2
1975.0,Thriller,7.36,143302.0,5
1975.0,War,7.87,83445.33,3
1975.0,Western,6.8,11953.0,1
1976.0,Action,6.88,37871.2,5
1976.0,Adventure,6.74,27909.8,5
1976.0,Animation,7.6,16931.0,1
1976.0,Biography,8.1,46950.0,1
1976.0,Comedy,7.51,20437.79,14
1976.0,Crime,7.13,100278.09,11
1976.0,Drama,7.25,83913.71,24
1976.0,Family,7.3,16760.0,5
1976.0,Fantasy,6.3,12827.0,1
1976.0,History,7.86,45552.2,5
1976.0,Horror,6.8,54243.71,7
1976.0,Music,6.0,11460.0,1
1976.0,Mystery,7.31,56075.43,7
1976.0,Romance,6.68,17228.75,4
1976.0,Sci-Fi,6.37,30859.67,3
1976.0,Sport,8.1,559012.0,1
1976.0,Thriller,6.99,38044.9,10
1976.0,Western,7.3,35765.67,3
1977.0,Action,6.82,194224.88,8
1977.0,Adventure,7.11,116110.53,15
1977.0,Animation,6.75,33727.25,4
1977.0,Comedy,7.46,38378.72,18
1977.0,Crime,7.5,18892.67,3
1977.0,Documentary,7.3,22668.0,1
1977.0,Drama,7.4,31327.71,21
1977.0,Fantasy,7.1,364757.5,4
1977.0,History,7.4,56075.0,1
1977.0,Horror,6.27,37795.56,9
1977.0,Music,6.7,49165.0,2
1977.0,Musical,6.6,19824.0,1
1977.0,Mystery,7.12,15540.67,6
1977.0,Romance,8.0,57919.0,6
1977.0,Sci-Fi,6.95,108158.0,2
1977.0,Sport,7.3,29869.5,2
1977.0,Thriller,6.8,28693.33,9
1977.0,War,7.4,35395.67,3
1978.0,Action,6.93,32961.27,11
1978.0,Adventure,6.48,43725.67,9
1978.0,Animation,6.9,34585.5,2
1978.0,Biography,7.8,48226.5,2
1978.0,Comedy,6.99,45005.21,14
1978.0,Crime,6.99,28618.71,7
1978.0,Documentary,8.1,17707.0,1
1978.0,Drama,7.19,41422.0,19
1978.0,Family,7.05,13047.5,2
1978.0,Fantasy,6.17,22985.0,3
1978.0,Horror,6.41,64109.4,10
1978.0,Music,7.7,29854.33,3
1978.0,Musical,7.2,263262.0,1
1978.0,Mystery,6.77,21273.67,6
1978.0,Romance,7.58,74222.8,5
1978.0,Sci-Fi,6.8,59006.0,5
1978.0,Thriller,6.78,57730.4,10
1978.0,War,7.27,121554.33,3
1979.0,Action,6.79,89141.86,7
1979.0,Adventure,6.92,62357.0,8
1979.0,Animation,7.6,30245.0,1
1979.0,Biography,7.6,131118.0,1
1979.0,Comedy,7.18,66812.92,13
1979.0,Crime,7.42,49906.0,6
1979.0,Drama,7.41,74471.52,23
1979.0,Family,7.5,24193.5,2
1979.0,History,5.3,35507.0,1
1979.0,Horror,6.84,130307.25,8
1979.0,Music,7.2,20042.67,3
1979.0,Musical,7.65,34294.0,2
1979.0,Mystery,7.1,250189.67,3
1979.0,Romance,7.42,40626.0,5
1979.0,Sci-Fi,6.93,164898.22,9
1979.0,Sport,7.47,80416.67,3
1979.0,Thriller,7.2,44253.75,4
1979.0,War,7.27,235731.67,3
1980.0,Action,6.8,187315.33,9
1980.0,Adventure,6.77,136270.14,14
1980.0,Biography,7.58,106551.17,6
1980.0,Comedy,6.77,48218.94,18
1980.0,Crime,6.79,21548.6,10
1980.0,Drama,7.34,83834.12,25
1980.0,Family,5.3,31659.0,1
1980.0,Fantasy,7.03,430009.0,3
1980.0,History,7.97,21382.33,3
1980.0,Horror,6.43,109476.69,13
1980.0,Music,7.05,20472.0,2
1980.0,Musical,5.9,17869.5,2
1980.0,Mystery,6.52,38693.62,8
1980.0,Romance,6.77,24204.29,7
1980.0,Sci-Fi,6.45,41093.17,6
1980.0,Sport,7.7,230617.5,2
1980.0,Thriller,6.16,42312.14,7
1980.0,War,7.28,21684.2,5
1980.0,Western,6.67,13709.0,3
1981.0,Action,7.03,121658.38,13
1981.0,Adventure,7.16,125583.29,14
1981.0,Animation,6.9,63054.0,2
1981.0,Biography,7.12,30738.5,4
1981.0,Comedy,6.95,41474.09,11
1981.0,Crime,7.02,24323.1,10
1981.0,Drama,7.24,39910.78,23
1981.0,Family,6.9,43980.0,1
1981.0,Fantasy,6.85,44102.5,4
1981.0,History,7.2,33321.75,4
1981.0,Horror,6.45,45268.44,16
1981.0,Music,7.2,12983.0,1
1981.0,Musical,6.8,49168.0,1
1981.0,Mystery,6.4,32561.8,5
1981.0,Romance,6.97,20694.0,6
1981.0,Sci-Fi,7.0,99921.0,4
1981.0,Sport,6.63,41805.67,3
1981.0,Thriller,6.55,30548.55,11
1981.0,War,7.22,90054.75,4
1982.0,Action,6.85,153321.0,10
1982.0,Adventure,7.17,113366.0,11
1982.0,Animation,7.4,33525.0,2
1982.0,Biography,7.9,124491.5,2
1982.0,Comedy,6.78,36345.09,22
1982.0,Crime,6.59,33382.75,8
1982.0,Documentary,8.05,26588.0,2
1982.0,Drama,7.42,80513.04,26
1982.0,Family,7.2,169624.33,3
1982.0,Fantasy,6.87,63857.0,6
1982.0,History,7.7,21282.0,1
1982.0,Horror,6.25,61293.07,14
1982.0,Music,7.05,43659.75,4
1982.0,Musical,6.1,20849.33,3
1982.0,Mystery,6.46,63013.78,9
1982.0,Romance,7.43,43469.17,6
1982.0,Sci-Fi,6.88,238956.25,8
1982.0,Sport,6.8,186918.0,1
1982.0,Thriller,6.5,68643.38,8
1982.0,War,7.1,21148.0,1
1983.0,Action,6.55,136006.91,11
1983.0,Adventure,6.37,168305.78,9
1983.0,Animation,6.5,10733.0,1
1983.0,Biography,7.45,40373.5,2
1983.0,Comedy,6.9,50059.2,20
1983.0,Crime,7.0,98393.08,12
1983.0,Documentary,7.8,10785.0,1
1983.0,Drama,6.91,54522.41,32
1983.0,Family,7.9,146167.0,1
1983.0,Fantasy,6.65,268771.5,4
1983.0,History,7.1,20056.0,1
1983.0,Horror,6.32,43032.91,11
1983.0,Music,6.07,26262.0,3
1983.0,Musical,7.0,66392.0,2
1983.0,Mystery,6.6,20642.0,2
1983.0,Romance,6.14,23315.25,8
1983.0,Sci-Fi,6.77,50032.71,7
1983.0,Sport,5.9,18487.0,1
1983.0,Thriller,6.36,47638.09,11
1983.0,War,7.0,14198.0,2
1984.0,Action,6.46,119896.33,24
1984.0,Adventure,6.5,66530.48,23
1984.0,Animation,8.0,165960.0,1
1984.0,Biography,8.1,223987.5,2
1984.0,Comedy,6.79,63640.66,29
1984.0,Crime,6.85,58854.47,15
1984.0,Documentary,8.6,15176.0,1
1984.0,Drama,7.07,63586.45,31
1984.0,Family,6.82,95673.75,4
1984.0,Fantasy,6.28,105721.38,8
1984.0,History,7.37,33552.33,3
1984.0,Horror,6.26,63041.64,11
1984.0,Music,7.39,104125.14,7
1984.0,Mystery,6.75,28356.75,4
1984.0,Romance,6.44,38366.91,11
1984.0,Sci-Fi,6.7,112586.57,14
1984.0,Sport,7.4,48393.0,1
1984.0,Thriller,6.31,42513.86,7
1984.0,War,7.2,23093.0,1
1985.0,Action,6.5,47096.32,25
1985.0,Adventure,6.51,104655.4,25
1985.0,Animation,6.7,25585.0,2
1985.0,Biography,7.25,32544.75,4
1985.0,Comedy,6.72,75508.26,43
1985.0,Crime,6.81,34525.85,13
1985.0,Drama,7.08,52901.41,39
1985.0,Family,6.7,65415.67,6
1985.0,Fantasy,6.41,35960.64,11
1985.0,Horror,6.36,41118.85,13
1985.0,Music,6.05,11138.5,2
1985.0,Musical,6.2,10330.0,1
1985.0,Mystery,6.45,37167.25,8
1985.0,Romance,6.68,44592.93,15
1985.0,Sci-Fi,6.92,168407.36,11
1985.0,Sport,6.8,201085.0,1
1985.0,Thriller,6.55,69518.91,11
1985.0,War,8.3,98827.0,2
1985.0,Western,7.3,58493.0,1
1986.0,Action,6.43,92585.5,22
1986.0,Adventure,6.9,109714.33,21
1986.0,Animation,7.35,54391.33,6
1986.0,Biography,7.0,33644.5,2
1986.0,Comedy,6.53,42850.49,45
1986.0,Crime,6.74,39200.19,16
1986.0,Drama,7.12,64673.58,40
1986.0,Family,6.84,71164.5,8
1986.0,Fantasy,6.32,78623.5,4
1986.0,History,7.5,63119.33,3
1986.0,Horror,6.01,35234.5,16
1986.0,Music,7.05,23812.0,2
1986.0,Musical,7.1,74161.0,1
1986.0,Mystery,6.87,70261.0,6
1986.0,Romance,6.62,23136.75,16
1986.0,Sci-Fi,6.81,117945.67,9
1986.0,Sport,6.55,46131.0,6
1986.0,Thriller,6.33,33303.42,12
1986.0,War,6.77,154595.33,3
1986.0,Western,7.3,49879.5,2
1987.0,Action,6.55,86963.32,19
1987.0,Adventure,6.11,125092.55,11
1987.0,Animation,7.3,25578.0,1
1987.0,Biography,7.34,59271.2,5
1987.0,Comedy,6.55,44742.55,49
1987.0,Crime,6.87,74731.05,21
1987.0,Documentary,7.6,19639.0,1
1987.0,Drama,7.2,66501.38,42
1987.0,Family,6.79,85047.57,7
1987.0,Fantasy,6.19,67626.23,13
1987.0,History,7.6,79595.33,3
1987.0,Horror,6.49,74333.44,18
1987.0,Music,6.8,69700.75,4
1987.0,Mystery,6.63,37993.33,3
1987.0,Romance,6.74,40149.11,19
1987.0,Sci-Fi,6.35,90902.0,8
1987.0,Sport,5.8,53994.0,1
1987.0,Thriller,6.64,80631.31,16
1987.0,War,8.0,293400.0,3
1988.0,Action,6.6,87522.87,23
1988.0,Adventure,6.58,62118.0,13
1988.0,Animation,7.67,159635.43,7
1988.0,Biography,7.0,28723.5,6
1988.0,Comedy,6.31,55878.93,57
1988.0,Crime,6.77,46585.28,29
1988.0,Documentary,8.0,24331.0,1
1988.0,Drama,7.1,59682.04,50
1988.0,Family,6.23,69491.33,6
1988.0,Fantasy,6.56,66141.0,12
1988.0,History,7.5,59452.0,2
1988.0,Horror,5.93,30365.11,27
1988.0,Music,7.2,18173.67,3
1988.0,Musical,6.4,17000.5,2
1988.0,Mystery,6.44,27408.14,7
1988.0,Romance,6.84,55440.47,17
1988.0,Sci-Fi,5.66,33467.0,9
1988.0,Sport,6.35,35145.0,4
1988.0,Thriller,6.41,107343.0,13
1988.0,War,8.5,266023.0,1
1988.0,Western,6.8,60573.0,1
1989.0,Action,6.37,92819.56,25
1989.0,Adventure,6.54,159074.06,17
1989.0,Animation,7.37,145380.67,3
1989.0,Biography,7.32,71720.0,5
1989.0,Comedy,6.52,75511.7,50
1989.0,Crime,6.45,40458.92,26
1989.0,Documentary,7.5,26591.0,1
1989.0,Drama,6.96,62153.29,41
1989.0,Family,6.58,96737.4,5
1989.0,Fantasy,6.32,68209.82,11
1989.0,History,7.65,81437.5,2
1989.0,Horror,5.86,30383.5,14
1989.0,Music,6.65,47724.0,4
1989.0,Musical,6.95,16643.5,2
1989.0,Mystery,6.48,57956.17,6
1989.0,Romance,6.76,55861.82,11
1989.0,Sci-Fi,6.17,105594.0,6
1989.0,Sport,6.67,45642.67,3
1989.0,Thriller,6.18,54338.81,16
1989.0,War,7.2,104758.0,1
1990.0,Action,6.27,67165.12,32
1990.0,Adventure,6.52,98482.5,16
1990.0,Animation,6.8,34385.0,2
1990.0,Biography,7.64,259924.6,5
1990.0,Comedy,6.42,63184.78,46
1990.0,Crime,6.55,81875.68,31
1990.0,Documentary,8.1,14890.0,1
1990.0,Drama,6.82,80387.32,53
1990.0,Family,5.82,121424.33,6
1990.0,Fantasy,6.38,112706.88,8
1990.0,History,7.5,20159.0,2
1990.0,Horror,6.06,54008.35,17
1990.0,Music,6.73,18633.33,3
1990.0,Musical,6.4,59240.0,1
1990.0,Mystery,6.6,38067.0,6
1990.0,Romance,6.53,80189.31,16
1990.0,Sci-Fi,6.14,120762.4,10
1990.0,Sport,5.65,110655.5,2
1990.0,Thriller,6.6,76904.94,18
1990.0,War,6.73,24343.67,3
1990.0,Western,7.25,147436.5,2
1991.0,Action,6.5,88664.62,26
1991.0,Adventure,6.4,75776.21,14
1991.0,Animation,7.33,166167.33,3
1991.0,Biography,7.0,59960.5,2
1991.0,Comedy,6.46,46605.65,46
1991.0,Crime,6.89,115866.91,23
1991.0,Documentary,8.1,20856.0,1
1991.0,Drama,6.94,69918.71,51
1991.0,Family,6.38,109335.78,9
1991.0,Fantasy,6.43,89299.27,11
1991.0,History,7.77,67984.67,3
1991.0,Horror,5.15,33160.25,4
1991.0,Music,7.5,58001.67,3
1991.0,Mystery,6.68,37866.75,4
1991.0,Romance,6.64,23615.44,18
1991.0,Sci-Fi,6.38,197234.33,6
1991.0,Sport,6.1,11983.0,1
1991.0,Thriller,6.85,183272.17,12
1991.0,War,7.4,15033.0,1
1991.0,Western,6.8,55747.0,1
1992.0,Action,6.33,74078.88,24
1992.0,Adventure,6.38,97389.08,13
1992.0,Animation,6.46,110541.2,5
1992.0,Biography,6.91,34274.12,8
1992.0,Comedy,6.51,56862.57,51
1992.0,Crime,6.77,88877.23,31
1992.0,Documentary,8.5,38488.0,1
1992.0,Drama,6.88,70530.97,67
1992.0,Family,6.21,50882.38,8
1992.0,Fantasy,6.19,79740.73,11
1992.0,History,7.1,42308.33,3
1992.0,Horror,6.32,93503.77,13
1992.0,Music,6.72,88004.6,5
1992.0,Mystery,7.0,85435.2,5
1992.0,Romance,6.68,24269.28,25
1992.0,Sci-Fi,5.91,76538.71,7
1992.0,Sport,6.5,52712.0,4
1992.0,Thriller,6.69,96088.48,25
1992.0,Western,7.85,223398.0,2
1993.0,Action,6.63,87059.9,29
1993.0,Adventure,6.37,130389.0,14
1993.0,Animation,7.38,87670.0,5
1993.0,Biography,7.43,162313.83,12
1993.0,Comedy,6.48,62889.64,53
1993.0,Crime,6.85,69130.42,31
1993.0,Drama,7.02,81236.17,84
1993.0,Family,6.03,78830.15,13
1993.0,Fantasy,6.53,92307.31,16
1993.0,History,7.72,374478.75,4
1993.0,Horror,6.06,22026.0,8
1993.0,Music,7.26,49734.75,8
1993.0,Musical,7.1,54980.33,3
1993.0,Mystery,6.44,47766.0,11
1993.0,Romance,6.63,45951.89,27
1993.0,Sci-Fi,6.08,247827.8,5
1993.0,Sport,7.45,51221.5,2
1993.0,Thriller,6.56,66506.33,21
1993.0,War,7.07,29239.33,3
1993.0,Western,6.5,11497.0,1
1994.0,Action,6.19,115105.66,32
1994.0,Adventure,5.86,93492.29,24
1994.0,Animation,6.9,223190.6,5
1994.0,Biography,7.44,52350.0,9
1994.0,Comedy,6.3,53673.16,79
1994.0,Crime,6.74,152240.18,33
1994.0,Documentary,8.15,23094.5,2
1994.0,Drama,6.99,155603.37,78
1994.0,Family,5.73,39643.0,16
1994.0,Fantasy,6.08,77793.44,9
1994.0,History,7.45,43144.0,2
1994.0,Horror,6.06,68476.0,9
1994.0,Music,7.15,35801.75,4
1994.0,Musical,7.5,20980.0,1
1994.0,Mystery,6.65,47221.62,8
1994.0,Romance,6.5,101665.75,32
1994.0,Sci-Fi,5.94,69384.8,5
1994.0,Sport,6.53,20154.83,6
1994.0,Thriller,6.41,70883.36,14
1994.0,War,7.28,44709.8,5
1994.0,Western,5.5,19548.0,1
1995.0,Action,6.36,99594.82,38
1995.0,Adventure,6.43,164491.13,23
1995.0,Animation,7.49,183679.88,8
1995.0,Biography,7.12,211015.17,6
1995.0,Comedy,6.56,73888.49,57
1995.0,Crime,6.86,151020.78,40
1995.0,Drama,6.93,102350.31,90
1995.0,Family,6.28,68703.23,13
1995.0,Fantasy,6.62,54316.77,13
1995.0,History,7.73,445088.0,3
1995.0,Horror,5.71,30297.3,10
1995.0,Music,7.0,46841.0,2
1995.0,Mystery,7.09,318042.45,11
1995.0,Romance,6.59,58619.47,30
1995.0,Sci-Fi,6.49,97957.07,14
1995.0,Sport,5.5,10100.0,1
1995.0,Thriller,6.37,90485.04,26
1995.0,War,7.4,12936.5,2
1996.0,Action,6.17,97236.94,33
1996.0,Adventure,6.32,104833.0,27
1996.0,Animation,6.75,117322.5,4
1996.0,Biography,7.06,47081.8,5
1996.0,Comedy,6.22,49146.93,69
1996.0,Crime,6.51,77367.17,36
1996.0,Documentary,8.03,15208.33,3
1996.0,Drama,6.72,58938.67,84
1996.0,Family,5.79,52564.91,11
1996.0,Fantasy,5.83,52600.64,14
1996.0,History,6.88,22200.0,5
1996.0,Horror,6.1,89377.27,11
1996.0,Music,7.46,33633.0,5
1996.0,Musical,6.1,25154.5,2
1996.0,Mystery,6.72,67547.83,12
1996.0,Romance,6.5,55482.17,24
1996.0,Sci-Fi,5.55,117899.0,10
1996.0,Sport,6.24,56881.0,7
1996.0,Thriller,6.65,112596.89,27
1996.0,War,7.4,188064.0,1
1996.0,Western,7.4,29621.0,1
1997.0,Action,6.09,117531.85,47
1997.0,Adventure,6.01,134858.59,29
1997.0,Animation,7.68,144013.67,6
1997.0,Biography,7.11,80243.5,8
1997.0,Comedy,6.26,74274.0,59
1997.0,Crime,6.6,79024.47,43
1997.0,Documentary,7.8,14950.0,1
1997.0,Drama,6.98,103850.9,91
1997.0,Family,5.58,39346.0,11
1997.0,Fantasy,5.69,65910.86,7
1997.0,History,7.35,33534.75,4
1997.0,Horror,6.03,87904.0,15
1997.0,Music,5.15,32117.0,2
1997.0,Musical,6.87,16707.0,3
1997.0,Mystery,6.97,125239.91,22
1997.0,Romance,6.92,169753.68,22
1997.0,Sci-Fi,6.37,207128.27,15
1997.0,Sport,7.6,47016.5,2
1997.0,Thriller,6.75,111807.89,28
1997.0,War,6.0,80820.0,1
1998.0,Action,6.18,98461.07,45
1998.0,Adventure,6.12,106941.28,25
1998.0,Animation,6.69,132330.29,7
1998.0,Biography,7.2,53772.6,5
1998.0,Comedy,6.67,92697.36,83
1998.0,Crime,6.8,87871.82,45
1998.0,Drama,6.96,93559.0,99
1998.0,Family,5.67,44319.67,6
1998.0,Fantasy,6.79,105361.8,10
1998.0,History,7.44,111824.6,5
1998.0,Horror,5.84,79893.0,14
1998.0,Music,6.98,44187.5,10
1998.0,Musical,7.6,51621.0,1
1998.0,Mystery,6.44,79573.12,17
1998.0,Romance,6.95,72947.96,28
1998.0,Sci-Fi,6.01,130698.0,14
1998.0,Sport,6.5,89967.67,3
1998.0,Thriller,6.25,73239.64,28
1998.0,War,7.8,513279.67,3
1998.0,Western,6.2,28776.5,2
1999.0,Action,6.36,169822.09,32
1999.0,Adventure,6.38,173141.41,22
1999.0,Animation,7.31,158184.38,8
1999.0,Biography,7.47,87570.73,11
1999.0,Comedy,6.4,76041.32,84
1999.0,Crime,6.65,101898.0,32
1999.0,Documentary,7.73,16080.67,3
1999.0,Drama,6.88,118818.31,98
1999.0,Family,5.97,40302.9,10
1999.0,Fantasy,6.38,236912.56,16
1999.0,History,7.02,36505.83,6
1999.0,Horror,5.98,82090.88,17
1999.0,Music,7.1,26111.4,5
1999.0,Musical,7.4,18505.0,1
1999.0,Mystery,6.57,146886.52,21
1999.0,Romance,6.35,56050.71,45
1999.0,Sci-Fi,5.83,174681.75,16
1999.0,Sport,6.66,57665.2,5
1999.0,Thriller,6.59,116765.88,25
1999.0,War,6.85,13749.75,4
1999.0,Western,6.9,39428.0,1
2000.0,Action,6.26,129382.4,45
2000.0,Adventure,6.22,168990.74,35
2000.0,Animation,6.45,64523.27,11
2000.0,Biography,7.27,95082.86,7
2000.0,Comedy,6.24,80520.03,77
2000.0,Crime,6.55,87033.22,46
2000.0,Drama,6.81,94746.81,103
2000.0,Family,5.5,55174.0,7
2000.0,Fantasy,5.84,67583.65,17
2000.0,History,7.4,89342.0,4
2000.0,Horror,5.88,98611.74,19
2000.0,Music,6.53,69467.0,7
2000.0,Musical,6.98,40785.25,4
2000.0,Mystery,6.41,137228.72,18
2000.0,Romance,6.35,67869.86,37
2000.0,Sci-Fi,5.52,156388.92,13
2000.0,Sport,6.63,67637.29,7
2000.0,Thriller,6.48,109630.75,32
2000.0,War,6.85,67610.75,4
2000.0,Western,5.8,14909.0,1
2001.0,Action,6.36,133745.76,55
2001.0,Adventure,6.35,250773.71,28
2001.0,Animation,7.07,209659.08,13
2001.0,Biography,7.09,140438.3,10
2001.0,Comedy,6.28,87076.2,85
2001.0,Crime,6.5,83334.9,50
2001.0,Documentary,7.83,12168.0,3
2001.0,Drama,6.84,98910.91,114
2001.0,Family,6.8,416679.25,4
2001.0,Fantasy,6.24,114090.2,20
2001.0,History,7.12,150189.8,5
2001.0,Horror,6.14,81447.15,13
2001.0,Music,5.9,40461.57,7
2001.0,Musical,7.7,146949.33,3
2001.0,Mystery,6.61,115852.58,26
2001.0,Romance,6.4,73483.71,49
2001.0,Sci-Fi,6.02,172804.92,13
2001.0,Sport,6.6,52218.0,6
2001.0,Thriller,6.57,119653.97,29
2001.0,War,7.38,81682.25,4
2001.0,Western,6.25,17525.5,2
2002.0,Action,6.28,169724.6,50
2002.0,Adventure,6.32,194283.67,36
2002.0,Animation,6.61,106658.1,10
2002.0,Biography,7.31,188367.45,11
2002.0,Comedy,6.14,66063.84,86
2002.0,Crime,6.64,111095.37,54
2002.0,Documentary,7.38,64954.0,4
2002.0,Drama,6.88,98295.53,134
2002.0,Family,6.0,90553.46,13
2002.0,Fantasy,6.19,160894.83,12
2002.0,History,7.18,61887.5,4
2002.0,Horror,5.98,90786.77,22
2002.0,Music,6.72,283132.25,4
2002.0,Musical,6.75,81025.75,4
2002.0,Mystery,6.35,105379.1,29
2002.0,Romance,6.47,60010.83,46
2002.0,Sci-Fi,6.16,200018.43,14
2002.0,Sport,5.62,25997.5,4
2002.0,Thriller,6.34,98781.65,40
2002.0,War,6.57,40163.75,4
2003.0,Action,6.27,190117.13,61
2003.0,Adventure,6.3,175748.45,40
2003.0,Animation,6.91,183323.43,7
2003.0,Biography,6.9,39363.92,12
2003.0,Comedy,6.27,87151.55,94
2003.0,Crime,6.77,101464.16,55
2003.0,Documentary,7.95,26649.5,4
2003.0,Drama,6.97,97198.49,112
2003.0,Family,5.94,92638.3,10
2003.0,Fantasy,6.15,221420.46,13
2003.0,History,7.23,47414.86,7
2003.0,Horror,5.81,66047.74,19
2003.0,Music,6.9,90060.8,5
2003.0,Musical,4.9,47210.0,2
2003.0,Mystery,6.53,117103.88,17
2003.0,Romance,6.42,56588.65,40
2003.0,Sci-Fi,6.18,243611.55,11
2003.0,Sport,6.7,41678.67,3
2003.0,Thriller,6.52,120111.04,28
2003.0,War,6.7,20662.0,1
2003.0,Western,6.5,35728.0,1
2004.0,Action,6.53,150535.08,59
2004.0,Adventure,6.42,181289.03,37
2004.0,Animation,6.82,170217.31,13
2004.0,Biography,7.22,105226.4,20
2004.0,Comedy,6.13,82801.11,106
2004.0,Crime,6.39,92036.33,48
2004.0,Documentary,6.92,57251.2,5
2004.0,Drama,6.94,94464.34,142
2004.0,Family,5.88,110387.06,18
2004.0,Fantasy,5.71,144618.38,13
2004.0,History,7.27,192211.29,7
2004.0,Horror,6.02,105459.61,23
2004.0,Music,6.44,32522.8,15
2004.0,Musical,7.03,53701.83,6
2004.0,Mystery,6.31,114522.04,28
2004.0,News,7.2,17168.0,1
2004.0,Romance,6.65,93545.61,62
2004.0,Sci-Fi,6.31,198018.95,22
2004.0,Sport,7.08,181930.83,6
2004.0,Thriller,6.57,154857.45,31
2004.0,War,7.25,39258.33,6
2004.0,Western,5.35,11200.5,2
2005.0,Action,6.29,164511.81,57
2005.0,Adventure,6.14,153891.07,43
2005.0,Animation,6.7,130869.89,9
2005.0,Biography,7.21,85569.88,17
2005.0,Comedy,6.27,71405.46,106
2005.0,Crime,6.68,104951.97,64
2005.0,Documentary,7.71,23420.56,9
2005.0,Drama,6.84,79704.96,153
2005.0,Family,6.19,111402.77,22
2005.0,Fantasy,5.99,159092.05,19
2005.0,History,7.26,70870.6,10
2005.0,Horror,5.48,71837.53,36
2005.0,Music,7.13,48640.3,10
2005.0,Musical,6.48,29907.25,4
2005.0,Mystery,6.33,78362.67,24
2005.0,Romance,6.47,79332.47,47
2005.0,Sci-Fi,5.94,255754.09,11
2005.0,Sport,6.83,59203.07,14
2005.0,Thriller,6.72,94647.64,36
2005.0,War,7.3,57620.0,4
2005.0,Western,7.0,75526.5,2
2006.0,Action,6.41,127635.9,63
2006.0,Adventure,6.33,130490.49,55
2006.0,Animation,6.38,90660.95,21
2006.0,Biography,6.97,72703.57,23
2006.0,Comedy,6.16,67722.03,130
2006.0,Crime,6.73,100836.93,55
2006.0,Documentary,7.46,32612.0,8
2006.0,Drama,6.88,96602.92,168
2006.0,Family,5.71,65896.56,16
2006.0,Fantasy,6.52,135624.1,29
2006.0,History,6.96,58436.5,14
2006.0,Horror,5.69,50682.44,36
2006.0,Music,6.52,56101.38,8
2006.0,Musical,6.5,73242.0,1
2006.0,Mystery,6.22,133547.52,33
2006.0,News,7.4,82944.0,1
2006.0,Romance,6.38,47390.58,64
2006.0,Sci-Fi,5.75,128171.0,17
2006.0,Sport,6.52,80046.58,12
2006.0,Thriller,6.28,159815.23,48
2006.0,War,7.04,117646.5,8
2007.0,Action,6.36,140645.83,70
2007.0,Adventure,6.25,169051.12,48
2007.0,Animation,6.87,148998.62,16
2007.0,Biography,7.28,107253.0,21
2007.0,Comedy,6.18,82488.5,109
2007.0,Crime,6.58,88926.76,78
2007.0,Documentary,7.52,28922.5,6
2007.0,Drama,6.83,81699.75,173
2007.0,Family,6.08,105035.6,20
2007.0,Fantasy,5.85,111052.07,30
2007.0,History,6.85,34141.33,12
2007.0,Horror,5.94,87082.3,43
2007.0,Music,6.71,62243.45,11
2007.0,Musical,7.0,244830.5,2
2007.0,Mystery,6.48,127467.92,39
2007.0,Romance,6.49,52154.22,60
2007.0,Sci-Fi,6.55,284845.5,10
2007.0,Sport,6.06,50106.07,14
2007.0,Thriller,6.52,118072.67,61
2007.0,War,6.55,13583.0,2
2007.0,Western,6.1,15247.0,1
2008.0,Action,6.55,163079.81,85
2008.0,Adventure,6.14,152272.02,54
2008.0,Animation,6.77,167379.33,15
2008.0,Biography,7.24,61534.34,29
2008.0,Comedy,6.06,74314.52,116
2008.0,Crime,6.67,122611.31,68
2008.0,Documentary,6.94,29184.67,12
2008.0,Drama,6.77,97707.48,164
2008.0,Family,6.22,152254.69,13
2008.0,Fantasy,6.15,156559.5,18
2008.0,History,7.08,98010.36,11
2008.0,Horror,5.81,60266.83,35
2008.0,Music,6.62,33760.38,13
2008.0,Musical,7.0,91618.0,3
2008.0,Mystery,6.0,55089.73,26
2008.0,News,7.8,51001.0,1
2008.0,Romance,6.33,95848.44,62
2008.0,Sci-Fi,5.75,160464.41,22
2008.0,Sport,6.66,68450.22,9
2008.0,Thriller,6.28,119060.53,43
2008.0,War,7.04,167473.86,7
2009.0,Action,6.33,140996.39,82
2009.0,Adventure,6.44,201644.48,50
2009.0,Animation,6.97,162784.78,18
2009.0,Biography,7.03,87903.76,21
2009.0,Comedy,6.3,89074.09,118
2009.0,Crime,6.44,61839.72,61
2009.0,Documentary,7.88,38586.0,4
2009.0,Drama,6.78,81980.09,160
2009.0,Family,6.14,100127.41,17
2009.0,Fantasy,6.13,120265.21,29
2009.0,History,7.36,57814.8,5
2009.0,Horror,5.76,75459.81,42
2009.0,Music,6.01,47228.75,8
2009.0,Musical,5.4,30088.5,2
2009.0,Mystery,6.33,109268.76,42
2009.0,Romance,6.49,77258.88,56
2009.0,Sci-Fi,6.22,187666.36,25
2009.0,Sport,7.02,119420.25,4
2009.0,Thriller,6.24,81149.18,62
2009.0,War,7.11,244896.29,7
2010.0,Action,6.42,156734.11,85
2010.0,Adventure,6.44,235340.88,48
2010.0,Animation,6.66,231173.79,14
2010.0,Biography,7.17,148181.56,18
2010.0,Comedy,6.29,85214.25,117
2010.0,Crime,6.62,81437.68,56
2010.0,Documentary,7.6,38948.1,10
2010.0,Drama,6.72,77786.07,174
2010.0,Family,5.74,130871.94,16
2010.0,Fantasy,6.27,142807.41,22
2010.0,History,6.95,87906.0,12
2010.0,Horror,5.69,67141.72,36
2010.0,Music,6.18,63389.88,8
2010.0,Musical,6.4,84729.0,1
2010.0,Mystery,6.23,125922.58,26
2010.0,Romance,6.42,70529.29,65
2010.0,Sci-Fi,6.43,325318.08,13
2010.0,Sport,7.2,42071.5,2
2010.0,Thriller,6.26,121758.75,52
2010.0,War,7.77,66223.67,3
2010.0,Western,6.9,179786.5,2
2011.0,Action,6.25,154503.73,92
2011.0,Adventure,6.29,180016.74,61
2011.0,Animation,6.4,90338.95,20
2011.0,Biography,7.03,115353.22,18
2011.0,Comedy,6.35,88221.77,120
2011.0,Crime,6.58,79262.15,46
2011.0,Documentary,7.18,22646.67,12
2011.0,Drama,6.7,82899.51,184
2011.0,Family,6.58,80304.64,11
2011.0,Fantasy,5.96,183564.42,26
2011.0,History,6.61,23070.43,7
2011.0,Horror,5.66,60441.11,37
2011.0,Music,6.53,38451.0,6
2011.0,Musical,8.1,75768.0,1
2011.0,Mystery,6.31,152050.41,34
2011.0,Romance,6.52,83683.55,65
2011.0,Sci-Fi,6.43,223532.68,28
2011.0,Sport,7.2,175073.33,6
2011.0,Thriller,6.26,104046.92,60
2011.0,War,6.23,20202.0,6
2012.0,Action,6.32,153509.02,88
2012.0,Adventure,6.39,212970.91,53
2012.0,Animation,6.76,103491.9,21
2012.0,Biography,7.32,86023.0,20
2012.0,Comedy,6.39,85086.03,119
2012.0,Crime,6.47,93325.1,67
2012.0,Documentary,7.21,22638.31,13
2012.0,Drama,6.75,96845.78,170
2012.0,Family,6.12,47231.55,11
2012.0,Fantasy,6.32,140993.12,24
2012.0,History,6.78,100293.6,10
2012.0,Horror,5.6,52933.36,44
2012.0,Music,6.88,58381.45,11
2012.0,Musical,6.7,201071.5,2
2012.0,Mystery,6.11,90621.07,28
2012.0,Romance,6.64,88546.72,53
2012.0,Sci-Fi,6.42,334756.33,18
2012.0,Sport,6.56,45840.6,5
2012.0,Thriller,6.28,100340.4,62
2012.0,War,6.97,15258.0,3
2012.0,Western,6.95,756324.5,2
2013.0,Action,6.32,166172.45,92
2013.0,Adventure,6.47,190594.02,57
2013.0,Animation,6.53,118535.21,19
2013.0,Biography,7.09,157278.66,32
2013.0,Comedy,6.4,100293.39,117
2013.0,Crime,6.61,128270.16,69
2013.0,Documentary,6.79,25892.22,9
2013.0,Drama,6.76,86576.53,197
2013.0,Family,6.67,122647.33,3
2013.0,Fantasy,6.28,166735.79,19
2013.0,History,6.99,103766.0,8
2013.0,Horror,5.93,93149.97,38
2013.0,Music,6.25,44503.45,11
2013.0,Musical,6.52,29120.25,4
2013.0,Mystery,6.65,108205.36,33
2013.0,Romance,6.54,65304.98,53
2013.0,Sci-Fi,6.41,222097.06,34
2013.0,Sport,7.45,64196.25,4
2013.0,Thriller,6.17,80169.19,75
2013.0,War,7.07,65454.67,3
2013.0,Western,6.35,184777.0,2
2014.0,Action,6.4,162885.8,105
2014.0,Adventure,6.67,243402.03,58
2014.0,Animation,7.16,125780.54,13
2014.0,Biography,7.1,91024.81,32
2014.0,Comedy,6.36,82418.7,125
2014.0,Crime,6.61,86801.11,72
2014.0,Documentary,7.88,20329.0,12
2014.0,Drama,6.68,85497.15,211
2014.0,Family,5.94,74305.73,11
2014.0,Fantasy,5.93,84013.08,25
2014.0,History,7.06,45754.35,17
2014.0,Horror,5.78,45976.15,46
2014.0,Music,7.13,95511.77,13
2014.0,Musical,4.2,34537.5,2
2014.0,Mystery,6.26,97946.37,43
2014.0,Romance,6.46,48955.64,64
2014.0,Sci-Fi,6.52,340789.04,25
2014.0,Sport,6.67,41323.33,3
2014.0,Thriller,6.22,108609.53,73
2014.0,War,7.18,106660.83,6
2014.0,Western,6.6,77804.67,3
2015.0,Action,6.45,135595.6,92
2015.0,Adventure,6.63,201082.39,59
2015.0,Animation,6.87,92973.89,18
2015.0,Biography,7.08,80945.98,43
2015.0,Comedy,6.46,70127.82,120
2015.0,Crime,6.58,87779.12,56
2015.0,Documentary,7.26,21516.43,14
2015.0,Drama,6.74,69511.43,211
2015.0,Family,6.53,96304.17,6
2015.0,Fantasy,6.27,52195.67,24
2015.0,History,6.98,69544.63,19
2015.0,Horror,5.6,37812.32,40
2015.0,Music,6.51,50651.0,9
2015.0,Musical,4.4,21824.0,1
2015.0,Mystery,5.99,57742.77,39
2015.0,Romance,6.64,49804.87,52
2015.0,Sci-Fi,5.98,197394.94,32
2015.0,Sport,6.89,59338.38,8
2015.0,Thriller,6.06,71597.95,60
2015.0,War,6.87,36549.38,8
2015.0,Western,6.43,43956.33,3
2016.0,Action,6.37,126124.35,108
2016.0,Adventure,6.4,185426.66,64
2016.0,Animation,7.09,128582.1,21
2016.0,Biography,7.12,75268.95,39
2016.0,Comedy,6.46,84375.64,101
2016.0,Crime,6.53,55181.06,69
2016.0,Documentary,7.79,18267.08,12
2016.0,Drama,6.77,66009.2,210
2016.0,Family,6.98,114337.85,13
2016.0,Fantasy,6.21,144651.4,25
2016.0,History,7.13,78746.89,19
2016.0,Horror,5.84,67100.63,52
2016.0,Music,7.27,120574.67,6
2016.0,Musical,6.67,32036.0,3
2016.0,Mystery,6.3,57092.5,36
2016.0,News,8.2,27627.0,1
2016.0,Romance,6.7,55717.43,37
2016.0,Sci-Fi,6.3,216043.5,22
2016.0,Sport,6.95,25326.55,11
2016.0,Thriller,6.27,61019.67,63
2016.0,War,7.5,60655.0,2
2016.0,Western,6.2,79174.67,3
2017.0,Action,6.36,130748.79,98
2017.0,Adventure,6.28,158703.5,54
2017.0,Animation,6.49,85376.8,15
2017.0,Biography,6.77,54405.0,38
2017.0,Comedy,6.25,76041.36,98
2017.0,Crime,6.54,77014.2,70
2017.0,Documentary,7.5,23740.14,7
2017.0,Drama,6.61,63863.12,205
2017.0,Family,7.16,88362.0,7
2017.0,Fantasy,6.21,147085.16,31
2017.0,History,6.97,60487.37,19
2017.0,Horror,5.9,69927.94,52
2017.0,Music,6.19,20413.5,10
2017.0,Musical,6.75,142149.5,2
2017.0,Mystery,6.35,82460.97,37
2017.0,Romance,6.3,44157.05,41
2017.0,Sci-Fi,6.01,141589.56,18
2017.0,Sport,7.18,28104.0,4
2017.0,Thriller,6.21,61103.51,67
2017.0,War,6.56,43525.91,11
2017.0,Western,7.3,50495.0,2
2018.0,Action,6.35,107584.42,102
2018.0,Adventure,6.54,144101.58,67
2018.0,Animation,6.87,78467.0,19
2018.0,Biography,6.84,58449.34,50
2018.0,Comedy,6.39,60401.18,111
2018.0,Crime,6.47,49483.68,69
2018.0,Documentary,7.61,30434.89,9
2018.0,Drama,6.72,48336.47,216
2018.0,Family,6.44,61908.4,10
2018.0,Fantasy,6.25,67984.83,30
2018.0,History,6.93,38809.53,19
2018.0,Horror,5.99,80522.52,40
2018.0,Music,7.03,88775.47,15
2018.0,Musical,6.95,116878.0,2
2018.0,Mystery,6.15,54727.85,39
2018.0,Romance,6.34,45425.6,40
2018.0,Sci-Fi,6.16,169960.82,34
2018.0,Sport,7.02,44838.6,5
2018.0,Thriller,6.07,49539.09,66
2018.0,War,7.22,27487.5,4
2018.0,Western,6.9,63496.0,1
2019.0,Action,6.32,100127.11,94
2019.0,Adventure,6.45,120748.68,62
2019.0,Animation,6.87,77006.47,17
2019.0,Biography,7.16,68456.68,37
2019.0,Comedy,6.39,74486.83,107
2019.0,Crime,6.63,80080.28,68
2019.0,Documentary,7.58,17408.5,12
2019.0,Drama,6.75,74106.51,192
2019.0,Family,5.92,50443.77,13
2019.0,Fantasy,6.3,90992.74,23
2019.0,History,7.1,48671.58,19
2019.0,Horror,5.99,82878.18,50
2019.0,Music,6.9,52217.71,7
2019.0,Musical,6.6,118674.5,2
2019.0,Mystery,6.22,50929.24,46
2019.0,Romance,6.64,42279.97,38
2019.0,Sci-Fi,6.17,108481.23,26
2019.0,Sport,7.48,16360.67,6
2019.0,Thriller,6.15,73787.61,54
2019.0,War,7.35,125832.12,8
2019.0,Western,7.1,17739.0,1
2020.0,Action,5.8,69385.32,57
2020.0,Adventure,6.2,80338.5,38
2020.0,Animation,6.91,62970.45,11
2020.0,Biography,6.74,30582.62,13
2020.0,Comedy,6.25,46878.21,76
2020.0,Crime,6.19,36651.05,41
2020.0,Documentary,7.8,35425.86,7
2020.0,Drama,6.28,40494.83,129
2020.0,Family,5.95,26504.0,12
2020.0,Fantasy,5.44,64239.54,13
2020.0,History,6.85,60060.0,8
2020.0,Horror,5.77,38291.29,41
2020.0,Music,6.5,24761.67,6
2020.0,Musical,6.27,45326.67,3
2020.0,Mystery,6.16,39877.75,44
2020.0,Romance,5.81,32733.8,25
2020.0,Sci-Fi,6.05,91124.5,14
2020.0,Sport,6.86,21124.6,5
2020.0,Thriller,5.85,40486.62,37
2020.0,War,6.94,42790.2,5
2021.0,Action,6.3,92397.28,89
2021.0,Adventure,6.49,111700.3,57
2021.0,Animation,6.78,54090.12,17
2021.0,Biography,7.2,36903.69,26
2021.0,Comedy,6.39,63663.39,62
2021.0,Crime,6.29,57655.98,58
2021.0,Documentary,7.66,16602.12,8
2021.0,Drama,6.59,48037.74,136
2021.0,Family,5.71,45330.71,7
2021.0,Fantasy,6.35,152286.0,15
2021.0,History,6.42,42410.5,12
2021.0,Horror,5.89,44310.84,32
2021.0,Music,7.37,28824.67,6
2021.0,Musical,6.9,47797.4,5
2021.0,Mystery,6.14,48087.5,28
2021.0,Romance,6.39,33227.5,26
2021.0,Sci-Fi,5.9,95018.3,20
2021.0,Sport,7.52,33239.0,6
2021.0,Thriller,6.02,61785.28,47
2021.0,War,5.47,35288.0,3
2021.0,Western,6.87,78002.33,3
2022.0,Action,6.76,54116.09,22
2022.0,Adventure,6.41,43914.5,14
2022.0,Animation,6.24,30956.2,5
2022.0,Biography,6.8,24102.67,3
2022.0,Comedy,6.59,30025.6,20
2022.0,Crime,6.56,51213.95,19
2022.0,Documentary,6.8,32883.67,3
2022.0,Drama,6.75,58411.34,29
2022.0,Family,6.5,43799.0,1
2022.0,Fantasy,6.5,43799.0,1
2022.0,History,6.5,17511.0,1
2022.0,Horror,5.75,41087.5,6
2022.0,Music,6.4,19167.5,2
2022.0,Mystery,5.84,39211.43,7
2022.0,Romance,6.34,22567.8,5
2022.0,Sci-Fi,5.2,40301.0,1
2022.0,Sport,6.6,18462.0,2
2022.0,Thriller,6.25,24396.65,17
